req_id,user,action,resource
R-001,alice,read,reports
R-002,bob,read,reports
R-003,bob,write,reports
R-004,carol,read,reports
R-005,dave,read,reports
R-006,erin,read,reports
R-007,frank,read,reports
R-008,alice,write,reports
R-009,carol,write,reports
R-010,frank,write,reports
R-011,dave,write,reports
R-012,erin,write,reports
R-013,bob,read,auditlog
R-014,dave,read,auditlog
R-015,erin,read,auditlog
R-016,carol,read,auditlog
R-017,carol,deploy,prod
R-018,alice,deploy,prod
R-019,frank,deploy,prod
R-020,erin,deploy,prod
R-021,frank,delete,prod
R-022,carol,delete,prod
R-023,bob,read,status
R-024,dave,read,status
R-025,alice,restart,prod
R-026,frank,read,status
R-027,bob,deploy,prod
R-028,dave,deploy,prod
R-029,erin,read,status
R-030,frank,read,auditlog
