event_id,timestamp,host,type,detail
E001,07:55,FW-EDGE,firewall,"Allowed outbound HTTPS from fw-edge to update CDN (routine)"
E002,07:55,FW-EDGE,auth,"Kerberos TGT renewal for mfrancis (routine)"
E003,07:55,WS-042,logon,"Interactive logon success for ops"
E004,07:55,WS-043,net,"DNS query ws-043.internal resolved (routine)"
E005,07:55,WS-043,logon,"Interactive logon success for svc-print"
E006,07:55,WS-043,av,"Scheduled AV scan completed on ws-043 (0 threats)"
E007,08:12,MAIL-GW,email,"Inbound email to jdoe@corp.example (WS-042 user): invoice attachment INV-881.zip, SPF softfail, URL matches phishing kit K-19"
E008,08:14,WS-042,exec,"WINWORD.exe spawned rundll32 on INV-881 payload; Defender alert PUA:WordMacro-K19 (quarantine FAILED - file in use)"
E009,09:02,FW-EDGE,firewall,"Blocked RDP 2211 attempts from 198.51.100.99 to DMZ (no successful logon)"
E010,09:20,WS-042,net,"Outbound HTTPS beacon 4KB/5min to cdn-assets-19.example (low volume, kit K-19 C2 pattern)"
E011,09:54,FW-EDGE,file,"Backup snapshot verified on fw-edge (routine)"
E012,09:54,MAIL-GW,av,"Scheduled AV scan completed on mail-gw (0 threats)"
E013,09:54,SRV-DB-01,auth,"Kerberos TGT renewal for backup-svc (routine)"
E014,09:54,SRV-FILE-02,net,"DNS query srv-file-02.internal resolved (routine)"
E015,09:54,SRV-FILE-02,auth,"Kerberos TGT renewal for jdoe (routine)"
E016,09:54,WS-043,firewall,"Allowed outbound HTTPS from ws-043 to update CDN (routine)"
E017,10:30,WS-042,update,"Vendor patch agent v7.3.1 installed; SHA-256 matches vendor published digest (supply-chain clean)"
E018,10:58,FW-EDGE,av,"Scheduled AV scan completed on fw-edge (0 threats)"
E019,10:58,SRV-FILE-02,firewall,"Allowed outbound HTTPS from srv-file-02 to update CDN (routine)"
E020,10:58,SRV-FILE-02,auth,"Kerberos TGT renewal for mfrancis (routine)"
E021,10:58,SRV-FILE-02,av,"Scheduled AV scan completed on srv-file-02 (0 threats)"
E022,10:58,WS-017,net,"DNS query ws-017.internal resolved (routine)"
E023,10:58,WS-043,av,"Scheduled AV scan completed on ws-043 (0 threats)"
E024,11:03,SRV-DB-01,smb,"SMB logon success from WS-042 with jdoe credentials (PsExec service INST-SVC created); first-ever WS-042->SRV-DB-01 admin path"
E025,11:05,SRV-DB-01,exec,"ntdsutil snapshot + SAM dump via INST-SVC (credential access on SRV-DB-01)"
E026,12:26,SRV-FILE-02,firewall,"Allowed outbound HTTPS from srv-file-02 to update CDN (routine)"
E027,12:26,SRV-FILE-02,firewall,"Allowed outbound HTTPS from srv-file-02 to update CDN (routine)"
E028,12:26,SRV-FILE-02,file,"Backup snapshot verified on srv-file-02 (routine)"
E029,12:26,SRV-FILE-02,logon,"Interactive logon success for mfrancis"
E030,12:26,SRV-FILE-02,av,"Scheduled AV scan completed on srv-file-02 (0 threats)"
E031,12:26,WS-042,auth,"Kerberos TGT renewal for backup-svc (routine)"
E032,12:40,SRV-DB-01,net,"Internal DNS queries for corp-backup.internal (12 queries, NXDOMAIN - recon dead-end)"
E033,13:13,MAIL-GW,file,"Backup snapshot verified on mail-gw (routine)"
E034,13:13,MAIL-GW,auth,"Kerberos TGT renewal for svc-print (routine)"
E035,13:13,SRV-DB-01,logon,"Interactive logon success for ops"
E036,13:13,WS-017,auth,"Kerberos TGT renewal for backup-svc (routine)"
E037,13:13,WS-042,file,"Backup snapshot verified on ws-042 (routine)"
E038,13:13,WS-042,auth,"Kerberos TGT renewal for backup-svc (routine)"
E039,13:15,FW-EDGE,firewall,"RDP from 198.51.100.99 still failing (account lockouts only, zero success)"
E040,14:59,FW-EDGE,net,"DNS query fw-edge.internal resolved (routine)"
E041,14:59,MAIL-GW,firewall,"Allowed outbound HTTPS from mail-gw to update CDN (routine)"
E042,14:59,MAIL-GW,file,"Backup snapshot verified on mail-gw (routine)"
E043,14:59,WS-017,net,"DNS query ws-017.internal resolved (routine)"
E044,14:59,WS-017,auth,"Kerberos TGT renewal for ops (routine)"
E045,14:59,WS-042,net,"DNS query ws-042.internal resolved (routine)"
E046,15:44,SRV-DB-01,exfil,"HTTPS POST 480MB in 22 min to 203.0.113.9 (unknown external) with table-dump content markers; no DLP ticket"
E047,15:50,SRV-DB-01,net,"Cloud-sync client uploaded 3 small docs (2MB) to corp tenant (routine, DLP-logged)"
E048,16:05,WS-042,usb,"USB mass-storage inserted on WS-042 (no writes observed, user states personal drive)"
E049,16:20,FW-EDGE,firewall,"Allowed outbound HTTPS from fw-edge to update CDN (routine)"
E050,16:20,FW-EDGE,firewall,"Allowed outbound HTTPS from fw-edge to update CDN (routine)"
E051,16:20,MAIL-GW,logon,"Interactive logon success for svc-print"
E052,16:20,MAIL-GW,av,"Scheduled AV scan completed on mail-gw (0 threats)"
E053,16:20,WS-017,logon,"Interactive logon success for ops"
E054,16:20,WS-017,auth,"Kerberos TGT renewal for ops (routine)"
E055,17:22,FW-EDGE,net,"DNS query fw-edge.internal resolved (routine)"
E056,17:22,SRV-DB-01,logon,"Interactive logon success for ops"
E057,17:22,WS-017,firewall,"Allowed outbound HTTPS from ws-017 to update CDN (routine)"
E058,17:22,WS-042,logon,"Interactive logon success for ops"
E059,17:22,WS-043,av,"Scheduled AV scan completed on ws-043 (0 threats)"
E060,17:22,WS-043,av,"Scheduled AV scan completed on ws-043 (0 threats)"
